frame,resid,resname
PLacyl_frame_4,20,THR
PLacyl_frame_4,24,ILE
PLacyl_frame_4,26,ILE
PLacyl_frame_5,23,GLU
PLacyl_frame_6,11,TRP
PLacyl_frame_6,12,ILE
PLacyl_frame_6,20,THR
PLacyl_frame_6,22,ARG
PLacyl_frame_6,23,GLU
PLacyl_frame_7,3,GLU
PLacyl_frame_7,6,ALA
PLacyl_frame_7,9,PHE
PLacyl_frame_7,12,ILE
PLacyl_frame_8,8,VAL
PLacyl_frame_8,27,GLY
PLacyl_frame_8,35,GLN
PLacyl_frame_9,4,LEU
PLacyl_frame_9,5,SER
PLacyl_frame_9,24,ILE
PLacyl_frame_9,26,ILE
PLacyl_frame_9,37,TYR
PLacyl_frame_10,20,THR
PLacyl_frame_10,22,ARG
PLacyl_frame_10,27,GLY
PLacyl_frame_10,30,HSD
PLacyl_frame_10,33,LYS
